RowID, sim, motion, D, ind.prod, biomass.prod, res.inflow, res.types, max.res.val, barrier.width, barrier.height, logseries.a, starting.seed, lower.limit, FlowRate, Width, Height, Viscosity, N, immigration.rate, resource.tau, particle.tau, individual.tau, resource.concentration, shannons.resource.diversity, resource.richness, S, simpson.e, e.var, berger.parker, inv.simp.D, N.max, skew, avg.per.capita.growth, avg.per.capita.maint, tracer.particles, resource.particles
0 , 0 , fluid , 2 , 9.0 , 0.897617318912 , 400 , 1 , 1000 , 0.0 , 0.0 , 0.991749643834 , 160 , 50 , 1.0 , 5 , 6 , 1 , 25.0 , 1 , 3.76002928258 , 4.0 , 5.33002645503 , 0.0 , 0.0 , 1.0 , 7.0 , 0.7901 , 0.787279986968 , 0.0 , 0.8192 , 7.0 , 0.504965402267 , 0.369313200891 , 0.00669362575978 , 4.0 , 1510.0
0 , 0 , fluid , 2 , 256.0 , 48.1027045 , 300 , 2 , 2000 , 0.1 , 0.2 , 0.99360657675 , 40 , 1 , 1.0 , 10 , 10 , 10 , 1085.0 , 1 , 9.04615384615 , 10.0 , 9.25 , 14.19 , 0.693085019964 , 2.0 , 40.0 , 0.3787 , 0.271826504017 , 0.0 , 0.933982883476 , 159.0 , 2.03341099527 , 0.334081318641 , 0.00565760808098 , 9.0 , 2870.0
1 , 0 , fluid , 2 , 407.0 , 70.8826299592 , 300 , 2 , 2000 , 0.1 , 0.2 , 0.99360657675 , 40 , 1 , 0.75 , 10 , 10 , 10 , 1796.0 , 1 , 11.8954248366 , 13.0 , 11.7352941176 , 15.85 , 0.692560269054 , 2.0 , 37.0 , 0.4305 , 0.231802771166 , 0.0 , 0.937212613033 , 235.0 , 1.41717204721 , 0.339992262806 , 0.0057978191857 , 9.0 , 3065.0
0 , 0 , fluid , 2 , 325.0 , 56.2644275735 , 200 , 16 , 4000 , 0.1 , 0.2 , 0.995888806502 , 80 , 1 , 1.0 , 10 , 10 , 10 , 1572.0 , 4 , 8.5625 , 10.0 , 8.88050314465 , 140.7 , 2.76874124609 , 16.0 , 77.0 , 0.2444 , 0.337108170949 , 0.0 , 0.946864337095 , 296.0 , 5.94708971926 , 0.305374189418 , 0.00551667000155 , 9.0 , 1872.0
1 , 0 , fluid , 2 , 1080.0 , 140.527001943 , 200 , 16 , 4000 , 0.1 , 0.2 , 0.995888806502 , 80 , 1 , 0.75 , 10 , 10 , 10 , 5378.0 , 4 , 11.2599795292 , 14.0 , 15.3878752207 , 137.18 , 2.76779402164 , 16.0 , 90.0 , 0.1665 , 0.168160211272 , 0.0 , 0.933247804749 , 813.0 , 4.02091353203 , 0.376538217714 , 0.00469293224148 , 12.0 , 1869.0
2 , 0 , fluid , 2 , 1046.0 , 120.408054766 , 200 , 16 , 4000 , 0.1 , 0.2 , 0.995888806502 , 80 , 1 , 0.5 , 10 , 10 , 10 , 6022.0 , 4 , 12.1163841808 , 20.0 , 17.1899592944 , 98.55 , 2.76419537203 , 16.0 , 74.0 , 0.1996 , 0.126975539188 , 0.0 , 0.932282064182 , 1073.0 , 3.53129467157 , 0.338059034742 , 0.00448654245357 , 6.0 , 1311.0
